沙鹿區,https://www.instagram.com/reel/DIDzBZEtEor/?utm_source=ig_web_copy_link&igsh=MzRlODBiNWFlZA==
沙鹿區,https://www.instagram.com/reel/DIDzBZEtEor/?utm_source=ig_web_copy_link&igsh=MzRlODBiNWFlZA==
沙鹿區,https://www.instagram.com/reel/DIDzBZEtEor/?utm_source=ig_web_copy_link&igsh=MzRlODBiNWFlZA==
沙鹿區,https://www.instagram.com/reel/DIDzBZEtEor/?utm_source=ig_web_copy_link&igsh=MzRlODBiNWFlZA==
沙鹿區,https://www.instagram.com/reel/DJJOrO_uLh4/?utm_source=ig_web_copy_link&igsh=MzRlODBiNWFlZA==
沙鹿區,https://www.instagram.com/reel/DJJOrO_uLh4/?utm_source=ig_web_copy_link&igsh=MzRlODBiNWFlZA==
沙鹿區,https://www.instagram.com/reel/DJJOrO_uLh4/?utm_source=ig_web_copy_link&igsh=MzRlODBiNWFlZA==
沙鹿區,https://www.instagram.com/reel/DJJOrO_uLh4/?utm_source=ig_web_copy_link&igsh=MzRlODBiNWFlZA==
清水區,https://www.instagram.com/reel/DIDzBZEtEor/?utm_source=ig_web_copy_link&igsh=MzRlODBiNWFlZA==
沙鹿區,https://www.instagram.com/reel/DI-6gqCsGEy/?utm_source=ig_web_copy_link&igsh=MzRlODBiNWFlZA==
大雅區,https://www.instagram.com/reel/DIDzBZEtEor/?utm_source=ig_web_copy_link&igsh=MzRlODBiNWFlZA==
